brand,model,release_year,ram_gb,storage_gb,screen_size_inches,battery_capacity,processor_score,camera_score,os_type,has_5g,original_price,purchase_year,age_months,usage_hours_per_day,condition,battery_health,screen_cracked,body_damage,repair_history,water_damage,city_tier,seller_type,warranty_remaining_months,box_available,charger_available,market_demand_score,resale_price
Realme,Realme GT,2025,8,64,6.24,4569,82,85,Android,1,109770,2025,53,8.7,Good,96,0,0,0,0,Tier2,Individual,3,1,1,98,36073.74
Apple,iPhone 12,2020,8,128,5.61,6405,75,46,iOS,1,130403,2020,6,9.8,Fair,71,0,0,0,0,Tier3,Individual,0,1,1,57,46939.85
Realme,Realme GT,2019,8,512,6.22,4420,40,61,Android,1,128496,2020,60,5.4,Good,77,0,0,0,0,Tier1,Store,2,1,1,52,19820.95
Xiaomi,Poco X5,2022,8,512,6.93,5859,90,76,Android,1,114188,2023,44,4.6,Excellent,90,0,0,0,0,Tier2,Individual,8,1,1,95,49638.49
Google,Pixel 6,2022,8,512,5.55,4998,87,46,Android,1,75534,2022,34,2.9,Fair,67,0,0,0,0,Tier3,Individual,18,1,0,67,22185.63
Google,Pixel 7,2021,12,256,5.87,4785,79,96,Android,1,142925,2023,40,5.5,Good,83,0,0,1,0,Tier3,Store,0,1,1,99,56170.45
Apple,iPhone 11,2020,8,128,6.92,4664,65,54,iOS,1,146065,2025,2,10.2,Fair,86,1,0,0,0,Tier2,Individual,0,1,1,79,64953.24
Realme,Realme Narzo 60,2025,12,64,6.78,3519,46,95,Android,1,139537,2025,61,3.3,Poor,59,0,1,0,0,Tier3,Individual,21,1,1,68,10019.88
Apple,iPhone 11,2019,8,256,6.41,3817,100,69,iOS,1,50632,2024,31,5.6,Fair,68,0,0,0,0,Tier3,Individual,6,0,1,41,7847.3
Google,Pixel 8,2023,4,256,6.62,5206,43,66,Android,1,126414,2024,18,3.2,Fair,93,0,0,1,0,Tier3,Individual,0,1,1,87,59143.98
Apple,iPhone 14,2021,8,512,6.33,3106,86,63,iOS,1,54817,2024,14,8.1,Excellent,57,0,0,0,0,Tier2,Individual,16,1,0,72,21652.14
Vivo,Vivo V27,2025,16,256,5.8,4860,54,53,Android,1,68087,2025,47,10.8,Good,67,0,0,0,0,Tier2,Individual,0,0,1,76,15696.99
Apple,iPhone 12,2019,16,64,6.89,4335,48,100,iOS,0,76779,2022,63,6.0,Excellent,77,0,0,0,0,Tier1,Individual,0,1,0,94,23592.17
Xiaomi,Redmi Note 12,2019,16,512,5.9,4393,42,84,Android,0,21137,2023,53,3.8,Fair,77,0,0,0,0,Tier2,Individual,11,0,1,57,2000.0
Vivo,Vivo V27,2022,4,512,5.86,5443,92,54,Android,1,87147,2023,20,7.5,Poor,66,0,0,0,0,Tier2,Store,0,1,1,79,17185.06
Samsung,Galaxy S23,2020,8,64,6.9,5206,87,84,Android,0,122062,2020,15,3.4,Excellent,66,0,0,1,0,Tier2,Individual,0,0,1,70,44222.96
Samsung,Galaxy S23,2024,4,1024,6.02,3286,83,52,Android,1,29439,2025,53,6.2,Excellent,76,1,0,0,0,Tier2,Individual,16,1,1,54,6230.27
Xiaomi,Poco X5,2019,12,64,6.96,5763,56,88,Android,1,57084,2021,52,3.2,Good,67,1,0,0,0,Tier1,Individual,12,1,1,99,14264.24
Xiaomi,Mi 11,2021,6,1024,6.61,3667,91,71,Android,1,85339,2021,4,5.8,Good,70,0,0,0,0,Tier2,Individual,4,0,1,90,47737.22
Google,Pixel 6,2019,8,64,6.38,4167,73,56,Android,1,23416,2019,11,3.4,Good,88,0,0,0,0,Tier2,Individual,11,1,1,58,14055.0
Xiaomi,Mi 11,2023,16,1024,6.3,6080,67,53,Android,1,76525,2023,59,6.7,Good,88,0,0,0,0,Tier3,Store,0,1,0,61,15287.71
Apple,iPhone 13,2022,16,64,6.26,3132,73,46,iOS,1,76310,2022,70,9.9,Fair,94,0,0,0,0,Tier1,Individual,7,1,1,43,10256.05
Samsung,Galaxy S22,2022,8,128,6.02,5562,59,71,Android,1,139998,2025,42,1.6,Poor,99,1,0,0,0,Tier3,Store,10,1,1,42,16075.93
Samsung,Galaxy S21,2022,12,512,6.08,4799,80,62,Android,1,64978,2023,42,4.7,Good,69,0,0,0,0,Tier2,Individual,15,0,1,77,22312.76
Apple,iPhone 15,2020,12,512,6.48,3003,48,51,iOS,1,22511,2024,34,10.9,Fair,61,0,0,1,0,Tier1,Individual,0,0,1,48,3059.43
OnePlus,OnePlus 9,2022,12,256,5.6,5311,84,41,Android,1,60300,2025,24,10.0,Good,93,0,0,0,0,Tier1,Store,14,0,0,90,32686.44
Vivo,Vivo V27,2024,6,256,6.35,5162,55,97,Android,1,124728,2024,47,7.5,Fair,70,1,1,0,0,Tier1,Store,9,1,0,100,17519.52
Vivo,Vivo X90,2019,4,64,6.99,4584,41,75,Android,1,131065,2019,13,3.1,Poor,85,0,0,0,0,Tier1,Store,10,1,1,99,50402.74
Samsung,Galaxy S23,2020,6,256,5.64,3357,93,76,Android,1,105152,2022,71,5.7,Excellent,81,0,0,0,0,Tier1,Individual,11,0,1,41,13600.16
Xiaomi,Redmi Note 12,2020,12,128,5.66,5223,66,46,Android,1,78201,2023,43,6.5,Fair,99,0,0,1,0,Tier1,Store,21,0,1,59,20026.51
Vivo,Vivo V27,2025,6,256,6.88,4493,49,51,Android,0,140420,2025,8,11.2,Excellent,91,0,0,1,1,Tier2,Store,2,1,1,95,58529.1
OnePlus,OnePlus 11,2025,12,1024,6.85,3384,70,45,Android,0,88048,2025,29,7.1,Good,83,0,0,0,0,Tier1,Individual,23,0,1,40,17105.73
Xiaomi,Poco X5,2021,12,128,6.05,4772,95,83,Android,1,140712,2024,4,5.1,Fair,100,0,0,0,0,Tier2,Individual,0,1,1,85,80520.24
Xiaomi,Mi 11,2023,4,256,6.65,5642,74,63,Android,0,44245,2025,22,6.7,Fair,99,0,1,0,0,Tier1,Individual,4,1,0,91,19532.15
OnePlus,OnePlus 9,2025,4,256,6.12,6042,72,95,Android,1,134679,2025,14,2.4,Good,66,0,0,0,0,Tier2,Store,5,1,1,85,58950.96
Apple,iPhone 13,2025,8,256,6.32,5182,57,81,iOS,1,124242,2025,38,11.8,Good,65,1,0,0,0,Tier2,Individual,0,0,1,48,18511.99
Samsung,Galaxy S23,2024,12,512,6.26,5914,56,50,Android,1,118325,2024,19,6.7,Excellent,56,0,0,0,0,Tier3,Store,15,1,0,81,47211.42
Vivo,Vivo V27,2024,8,512,5.98,6132,63,68,Android,1,97116,2024,10,9.9,Good,100,0,0,0,0,Tier2,Store,24,0,1,92,66467.24
Apple,iPhone 14,2022,12,512,5.84,6138,80,51,iOS,1,70285,2023,28,8.3,Poor,98,0,0,1,0,Tier2,Individual,0,0,1,93,25582.32
Google,Pixel 8,2023,8,1024,6.98,6123,50,87,Android,1,144375,2025,16,8.5,Good,98,0,0,0,0,Tier3,Individual,5,0,1,70,73907.3
Xiaomi,Mi 11,2021,4,256,6.09,4260,62,98,Android,1,72289,2023,48,11.1,Poor,58,0,0,0,0,Tier2,Individual,7,0,1,64,9629.9
Google,Pixel 6,2022,16,256,5.93,4298,68,93,Android,1,96653,2022,5,4.5,Excellent,88,0,0,0,0,Tier2,Store,4,1,1,63,53397.91
Google,Pixel 7,2019,8,1024,6.09,3423,75,95,Android,1,139516,2019,38,6.1,Poor,62,0,0,0,0,Tier2,Individual,3,0,1,59,19523.61
Apple,iPhone 15,2022,12,1024,6.46,5853,76,98,iOS,1,95447,2022,4,7.5,Excellent,60,0,0,0,0,Tier2,Store,8,0,1,68,42702.5
Google,Pixel 7,2019,4,1024,6.45,4799,44,46,Android,1,20928,2020,60,5.3,Good,62,0,0,0,0,Tier1,Store,5,1,1,82,6068.28
Realme,Realme Narzo 60,2023,6,256,5.91,3648,64,59,Android,0,41819,2023,55,9.5,Good,66,0,0,0,0,Tier3,Store,1,0,1,69,6777.7
OnePlus,OnePlus 10,2024,16,1024,5.58,3090,82,43,Android,1,82648,2025,48,3.3,Poor,58,0,0,0,0,Tier2,Store,0,1,1,55,3776.7
Realme,Realme Narzo 60,2023,16,1024,5.52,3790,59,61,Android,1,148308,2023,23,5.3,Fair,97,0,1,0,0,Tier1,Individual,0,0,0,66,39481.11
Samsung,Galaxy S21,2023,8,64,5.82,3553,51,43,Android,1,98324,2024,23,4.3,Fair,99,0,0,0,0,Tier2,Individual,8,1,1,84,50748.73
Vivo,Vivo V27,2021,8,256,6.38,3913,84,76,Android,1,53119,2022,52,6.7,Fair,97,1,0,1,0,Tier1,Individual,9,1,1,100,11549.75
Google,Pixel 6,2019,12,256,6.8,3469,55,93,Android,1,17092,2021,61,7.7,Fair,87,0,0,0,0,Tier1,Store,20,0,1,92,2152.74
Realme,Realme GT,2023,12,256,5.85,5140,64,50,Android,1,46371,2025,65,2.2,Fair,97,0,0,0,0,Tier3,Store,20,1,0,74,7279.1
Realme,Realme Narzo 60,2021,8,1024,6.69,5565,52,87,Android,1,10491,2023,21,4.7,Fair,71,0,0,0,0,Tier1,Individual,0,1,1,63,3964.74
Realme,Realme Narzo 60,2025,16,64,6.6,6362,99,54,Android,1,83840,2025,71,4.7,Excellent,78,0,0,0,0,Tier2,Individual,0,1,0,88,20169.24
Google,Pixel 8,2022,4,1024,5.88,5459,77,53,Android,1,108899,2024,39,2.7,Good,86,0,0,0,0,Tier3,Store,7,0,0,44,24690.43
Google,Pixel 7,2019,4,256,6.24,4386,62,40,Android,1,112506,2023,67,5.9,Fair,81,0,0,0,0,Tier3,Individual,3,1,1,50,14988.42
OnePlus,OnePlus 11,2024,4,64,6.9,5658,92,77,Android,0,103824,2024,42,3.3,Fair,55,0,0,0,0,Tier1,Individual,7,1,1,85,19749.21
Apple,iPhone 13,2025,12,1024,5.8,3356,45,74,iOS,0,20904,2025,61,8.2,Excellent,96,0,0,0,0,Tier2,Individual,21,1,1,67,8462.85
Xiaomi,Redmi Note 12,2024,16,128,6.12,5880,90,84,Android,1,107145,2025,55,8.6,Excellent,99,0,1,0,0,Tier2,Individual,11,1,0,52,19963.71
Vivo,Vivo X90,2022,8,256,6.01,5844,85,69,Android,1,64954,2023,41,2.1,Excellent,71,0,0,0,0,Tier1,Individual,14,1,1,81,19977.94
Apple,iPhone 14,2025,16,128,6.99,5211,85,47,iOS,1,61383,2025,1,10.9,Fair,57,0,0,0,0,Tier2,Individual,0,0,1,51,17053.48
OnePlus,OnePlus 9,2024,12,64,5.56,3420,70,86,Android,1,127070,2024,15,11.8,Good,68,0,0,0,0,Tier2,Individual,18,1,1,67,42614.75
Xiaomi,Mi 11,2019,4,1024,6.59,5210,48,70,Android,1,79467,2021,1,9.0,Good,88,0,0,1,0,Tier2,Individual,0,0,1,47,27778.94
Google,Pixel 8,2024,4,64,5.85,3087,49,76,Android,1,28181,2025,52,7.7,Good,72,0,0,0,0,Tier3,Individual,12,1,1,80,8799.46
OnePlus,OnePlus 9,2022,16,256,5.53,4618,96,100,Android,1,56552,2024,28,7.5,Excellent,66,0,1,0,0,Tier2,Individual,15,1,1,48,14100.07
Vivo,Vivo V27,2019,12,512,7.0,4304,48,50,Android,1,117170,2021,26,5.8,Good,98,1,0,1,0,Tier2,Store,20,1,1,68,30934.75
Realme,Realme GT,2025,6,64,5.6,4304,82,63,Android,1,149265,2025,4,7.6,Good,70,1,0,0,0,Tier3,Individual,21,1,1,82,50440.05
Google,Pixel 8,2019,4,512,6.66,4367,51,99,Android,1,16345,2021,6,10.5,Good,58,0,0,0,0,Tier2,Individual,0,1,1,62,6213.41
Google,Pixel 8,2025,6,128,6.63,4126,76,76,Android,1,115289,2025,47,8.2,Good,82,0,0,0,0,Tier2,Store,17,1,1,49,25011.06
Vivo,Vivo V27,2022,6,64,5.69,3952,55,66,Android,1,128346,2024,47,3.6,Fair,82,0,0,0,0,Tier2,Store,21,1,1,84,30604.69
Samsung,Galaxy S23,2024,12,64,6.8,4433,41,42,Android,1,97804,2024,34,2.5,Good,100,0,0,0,0,Tier3,Store,19,1,1,64,42827.62
OnePlus,OnePlus 10,2025,12,512,6.01,6343,80,86,Android,1,35528,2025,1,11.1,Good,97,0,0,0,1,Tier3,Store,0,1,1,42,8398.55
Vivo,Vivo X90,2019,16,64,5.9,5103,83,64,Android,1,128389,2019,46,3.1,Good,84,0,0,0,0,Tier1,Individual,0,1,1,82,33798.92
Vivo,Vivo V27,2019,16,64,6.59,5840,93,95,Android,1,134367,2022,54,6.8,Good,61,1,0,0,0,Tier3,Individual,12,1,1,56,15152.08
Vivo,Vivo V27,2022,6,512,5.56,6369,71,78,Android,1,74814,2022,26,1.3,Good,87,1,0,0,0,Tier2,Individual,15,1,1,68,19516.04
Samsung,Galaxy A54,2021,6,64,6.02,3837,46,57,Android,1,87493,2023,21,1.2,Excellent,96,1,0,0,0,Tier2,Individual,0,1,1,89,46182.82
Apple,iPhone 12,2020,6,1024,5.86,5726,88,47,iOS,1,29083,2020,7,7.5,Excellent,61,0,0,0,0,Tier3,Store,14,1,1,93,19586.02
Samsung,Galaxy S21,2023,4,64,6.22,5039,96,56,Android,0,105457,2024,14,1.0,Excellent,79,0,0,0,1,Tier1,Individual,23,0,1,96,46033.62
Realme,Realme GT,2023,4,64,5.94,5516,89,42,Android,1,120231,2023,5,6.2,Fair,56,0,0,1,0,Tier1,Individual,19,0,0,48,20104.59
Google,Pixel 7,2024,12,1024,5.59,3358,86,95,Android,1,80398,2024,55,1.4,Fair,91,0,1,0,0,Tier2,Store,12,1,0,48,12084.56
Xiaomi,Mi 11,2019,6,256,6.25,5717,68,91,Android,1,63755,2023,8,5.4,Excellent,62,0,0,0,0,Tier3,Individual,0,1,0,46,14368.83
Samsung,Galaxy S21,2025,8,512,6.74,5392,56,92,Android,1,131432,2025,63,11.3,Excellent,69,0,0,0,0,Tier2,Individual,19,1,0,70,29537.75
Realme,Realme GT,2024,16,256,5.91,3848,68,58,Android,0,28222,2024,8,4.8,Good,68,0,0,0,0,Tier3,Store,5,1,1,46,6980.45
OnePlus,OnePlus 9,2024,12,256,6.97,4218,79,73,Android,1,67811,2024,51,1.1,Good,66,0,0,0,0,Tier3,Individual,0,1,0,78,16184.74
Apple,iPhone 12,2024,8,256,6.68,4213,73,75,iOS,1,145717,2025,63,11.5,Fair,55,0,0,0,0,Tier2,Store,0,1,1,61,18658.01
Realme,Realme GT,2023,8,256,5.82,5273,42,60,Android,1,12012,2024,3,10.3,Good,63,0,0,0,0,Tier1,Store,18,1,1,45,2000.0
OnePlus,OnePlus 11,2022,16,128,5.66,5386,93,67,Android,1,120024,2022,6,7.0,Excellent,63,0,0,0,0,Tier2,Individual,24,1,1,87,65584.37
Samsung,Galaxy S22,2023,6,256,6.78,5996,83,81,Android,1,146335,2023,60,8.3,Good,81,0,0,0,0,Tier3,Store,0,1,0,47,24671.89
Samsung,Galaxy A54,2025,8,512,6.89,4386,60,76,Android,1,119153,2025,17,11.3,Fair,63,0,1,1,0,Tier3,Individual,0,1,1,46,15937.95
Xiaomi,Redmi Note 12,2024,16,128,6.43,5884,80,92,Android,1,44162,2024,13,10.7,Fair,86,0,0,0,0,Tier2,Store,17,1,1,63,14773.75
Google,Pixel 7,2025,8,64,6.35,3838,76,80,Android,1,34648,2025,32,5.1,Good,69,0,1,0,0,Tier3,Store,18,0,1,54,6011.93
Realme,Realme Narzo 60,2023,4,1024,6.72,3921,62,70,Android,1,54240,2023,27,5.4,Excellent,88,0,0,0,0,Tier3,Individual,8,1,1,64,15565.19
Vivo,Vivo V27,2025,6,64,6.23,5681,86,54,Android,1,38266,2025,60,7.1,Good,93,0,0,0,0,Tier1,Store,0,0,1,65,8694.62
Xiaomi,Redmi Note 12,2022,4,512,6.05,3115,80,48,Android,1,65317,2022,13,9.9,Excellent,100,0,0,0,0,Tier3,Store,5,1,1,41,19728.08
Google,Pixel 6,2021,16,512,6.87,3499,69,40,Android,1,68440,2023,60,8.2,Good,78,0,0,0,0,Tier3,Individual,0,0,1,99,24974.74
Google,Pixel 7,2025,8,64,6.63,6410,58,71,Android,1,107253,2025,6,1.8,Fair,88,0,0,0,0,Tier3,Individual,0,1,1,62,45232.4
Vivo,Vivo V27,2019,8,512,6.16,5439,98,47,Android,0,87172,2023,24,6.0,Excellent,68,0,0,0,0,Tier2,Individual,17,0,1,47,16423.45
Apple,iPhone 14,2025,6,1024,6.41,5074,90,86,iOS,1,73742,2025,53,5.5,Good,84,0,0,0,0,Tier2,Individual,0,1,1,94,28481.68
Xiaomi,Redmi Note 12,2023,12,1024,6.76,5975,99,76,Android,1,124021,2025,37,11.1,Poor,97,0,1,0,0,Tier1,Individual,6,1,1,82,24907.95
Xiaomi,Poco X5,2019,16,256,5.69,6122,65,55,Android,0,95717,2021,28,10.2,Poor,93,0,1,0,0,Tier1,Individual,1,1,1,72,18629.6
Vivo,Vivo X90,2023,4,128,5.94,3824,99,72,Android,0,34795,2024,55,1.9,Good,59,0,0,0,0,Tier2,Store,3,1,1,99,7922.88
Apple,iPhone 11,2021,12,512,6.38,3816,65,85,iOS,1,124447,2021,63,7.8,Good,60,0,0,0,0,Tier3,Individual,23,1,1,47,15814.94
Apple,iPhone 13,2020,16,512,6.0,3916,86,93,iOS,1,58445,2025,49,6.6,Fair,59,0,0,0,0,Tier1,Store,2,1,1,82,13309.63
OnePlus,OnePlus 9,2020,6,128,6.9,4057,45,50,Android,1,44348,2020,28,11.4,Fair,56,0,1,1,0,Tier2,Store,0,1,1,63,4376.58
Google,Pixel 6,2024,4,512,5.86,4438,65,86,Android,1,38327,2024,64,9.7,Good,79,1,0,0,0,Tier3,Individual,0,1,1,48,3459.42
OnePlus,OnePlus 10,2025,4,128,6.17,6407,69,65,Android,0,106885,2025,3,7.4,Poor,57,0,0,0,1,Tier2,Store,0,1,1,93,20546.76
Xiaomi,Poco X5,2023,8,1024,5.91,6124,55,64,Android,0,97329,2024,34,10.8,Good,100,0,0,1,0,Tier1,Store,18,1,1,49,21131.88
Google,Pixel 6,2019,4,64,5.63,4738,92,57,Android,1,126473,2024,48,4.6,Good,99,0,0,1,0,Tier1,Individual,0,0,1,81,46653.34
Xiaomi,Poco X5,2023,12,512,6.47,5194,67,73,Android,1,52015,2023,25,7.0,Poor,86,0,0,1,0,Tier3,Individual,18,0,1,41,6902.99
Realme,Realme GT,2023,8,256,5.72,5421,94,88,Android,1,147775,2024,1,8.2,Good,96,0,0,0,0,Tier2,Individual,14,0,1,48,54377.12
Vivo,Vivo V27,2023,8,512,6.74,3016,79,92,Android,1,61542,2024,39,4.1,Good,87,0,0,1,0,Tier1,Individual,5,0,1,50,12157.14
OnePlus,Nord 3,2023,12,512,6.08,3806,72,56,Android,1,44088,2024,23,1.9,Fair,92,0,0,0,0,Tier3,Individual,0,0,1,90,16029.99
Vivo,Vivo V27,2022,8,64,6.71,4908,97,60,Android,1,59857,2025,32,9.9,Good,82,1,0,0,0,Tier2,Store,20,1,1,90,20913.87
Samsung,Galaxy S21,2020,16,64,5.68,3645,43,47,Android,1,25791,2023,10,6.3,Excellent,60,0,0,1,0,Tier2,Store,0,0,1,62,8107.37
OnePlus,Nord 3,2023,8,64,6.07,4223,44,50,Android,1,73229,2025,34,3.2,Good,70,0,0,0,1,Tier3,Individual,22,0,1,70,11041.46
OnePlus,OnePlus 10,2019,16,256,5.88,6419,91,48,Android,1,15780,2023,8,2.3,Poor,71,0,0,0,0,Tier2,Store,12,1,1,90,9117.02
OnePlus,OnePlus 11,2020,4,512,5.91,3969,68,47,Android,1,99290,2025,10,4.7,Excellent,85,0,0,0,0,Tier1,Store,17,1,0,77,58349.01
Vivo,Vivo V27,2024,12,1024,6.23,3233,56,64,Android,1,135011,2025,10,10.8,Good,58,1,0,1,0,Tier2,Store,0,1,1,98,40771.65
OnePlus,OnePlus 10,2023,12,512,5.92,3603,69,64,Android,1,68548,2025,18,2.7,Good,61,0,0,0,0,Tier2,Store,18,0,1,58,21912.6
Google,Pixel 6,2023,8,128,6.94,3954,96,87,Android,1,70419,2025,59,7.6,Good,64,1,0,1,0,Tier2,Individual,0,0,1,67,3342.8
Apple,iPhone 12,2019,6,64,6.9,6099,96,71,iOS,1,57973,2019,25,4.0,Good,70,0,0,0,0,Tier2,Store,0,1,1,92,28813.93
Xiaomi,Mi 11,2020,16,256,5.53,5647,54,68,Android,1,73352,2020,38,11.9,Good,95,0,0,0,0,Tier3,Store,9,1,1,45,19324.13
Vivo,Vivo V27,2022,16,512,5.6,4473,88,55,Android,1,127684,2023,60,10.4,Excellent,73,0,0,0,0,Tier2,Store,21,1,1,70,26968.46
Apple,iPhone 12,2024,6,1024,6.64,5905,75,51,iOS,1,20184,2024,4,7.1,Poor,77,0,0,0,0,Tier3,Store,10,1,1,70,9634.21
Realme,Realme GT,2020,6,128,6.64,4268,50,61,Android,1,107906,2024,17,5.9,Fair,62,0,0,0,1,Tier2,Store,0,1,1,56,9224.57
Vivo,Vivo X90,2024,6,64,5.73,5654,69,43,Android,0,121008,2025,24,10.8,Fair,67,0,0,0,0,Tier1,Individual,0,1,0,54,21165.51
Xiaomi,Redmi Note 12,2024,16,512,6.03,5108,59,44,Android,1,79267,2025,46,2.5,Excellent,71,0,1,0,0,Tier3,Store,11,0,1,91,19799.28
Realme,Realme GT,2024,16,64,5.78,4107,70,52,Android,1,31063,2024,52,8.1,Good,59,0,1,1,0,Tier1,Store,0,1,0,99,5867.25
OnePlus,OnePlus 10,2019,4,1024,5.59,5871,61,97,Android,1,129955,2019,52,3.2,Good,93,1,0,0,0,Tier1,Store,14,0,1,75,29936.59
Google,Pixel 8,2024,4,1024,5.98,6299,43,82,Android,1,44122,2025,60,3.9,Excellent,92,0,0,0,0,Tier1,Individual,4,1,0,66,8547.13
Xiaomi,Poco X5,2023,8,512,5.96,4429,56,70,Android,1,144070,2025,45,9.5,Fair,98,0,0,1,0,Tier3,Individual,0,1,1,74,34174.71
Xiaomi,Redmi Note 12,2021,16,64,5.8,6255,94,59,Android,0,81832,2022,25,5.3,Good,62,0,0,0,0,Tier2,Individual,17,1,1,89,27994.47
OnePlus,Nord 3,2021,8,512,5.77,6238,87,85,Android,1,48394,2022,29,7.6,Excellent,65,0,0,0,0,Tier2,Store,3,1,0,49,8413.83
Samsung,Galaxy S21,2023,8,64,6.18,3563,62,45,Android,0,74596,2023,44,2.2,Fair,80,0,0,0,0,Tier3,Individual,21,1,1,69,20893.89
Samsung,Galaxy S23,2024,8,512,6.2,3532,93,66,Android,1,23531,2024,44,1.9,Good,75,0,0,0,0,Tier3,Store,11,1,0,70,6991.86
Realme,Realme GT,2022,4,256,5.54,3815,78,93,Android,1,67664,2025,41,1.3,Poor,94,0,0,0,0,Tier3,Store,5,1,1,87,13658.09
OnePlus,OnePlus 10,2024,8,128,6.86,3316,97,65,Android,1,54634,2024,58,2.4,Fair,82,0,0,0,0,Tier2,Individual,0,1,1,95,13050.94
Apple,iPhone 13,2019,16,128,6.41,4645,65,52,iOS,1,100061,2022,8,7.6,Good,74,0,0,0,1,Tier3,Store,10,1,1,75,35702.13
Apple,iPhone 14,2023,6,128,5.99,5792,79,54,iOS,1,138004,2024,70,7.6,Excellent,73,0,0,0,0,Tier3,Individual,7,1,1,72,36236.5
Apple,iPhone 15,2024,12,512,6.83,5114,57,51,iOS,1,63998,2025,38,1.7,Fair,73,0,0,0,0,Tier1,Individual,5,1,1,40,12318.99
Xiaomi,Mi 11,2019,4,256,5.5,3808,40,62,Android,1,16321,2023,49,10.3,Excellent,77,0,0,0,0,Tier2,Individual,24,1,1,63,10324.21
Vivo,Vivo V27,2024,6,64,5.81,5768,94,61,Android,1,104293,2024,42,1.9,Fair,96,0,0,0,0,Tier2,Store,0,1,1,93,35081.94
Realme,Realme Narzo 60,2025,16,256,6.01,5424,86,91,Android,1,29293,2025,43,1.4,Fair,92,0,0,0,0,Tier1,Store,0,1,1,87,7673.7
Realme,Realme GT,2025,8,512,7.0,4329,75,99,Android,0,55676,2025,28,2.7,Good,89,0,0,1,0,Tier3,Store,18,1,1,92,24883.58
Samsung,Galaxy S23,2023,6,1024,6.86,4009,67,43,Android,1,100797,2025,66,3.6,Fair,66,0,0,0,0,Tier3,Individual,0,1,1,79,16587.81
Apple,iPhone 11,2020,6,64,6.27,5951,51,93,iOS,1,11432,2022,4,3.4,Excellent,63,0,0,0,0,Tier2,Store,7,1,1,43,2846.03
Google,Pixel 6,2023,12,128,6.55,5062,96,42,Android,1,45004,2024,7,8.0,Fair,61,0,0,0,0,Tier3,Individual,0,1,1,77,16822.05
Google,Pixel 8,2022,4,256,5.51,5723,78,60,Android,1,13039,2025,44,3.1,Fair,64,0,0,1,1,Tier3,Individual,4,1,1,81,2000.0
Samsung,Galaxy S23,2021,6,256,6.13,4148,94,44,Android,1,137677,2024,5,11.4,Fair,65,1,0,0,0,Tier2,Individual,0,1,0,72,38720.64
Realme,Realme Narzo 60,2019,6,128,5.57,5462,99,72,Android,1,53201,2021,38,9.3,Fair,92,0,0,0,0,Tier3,Individual,0,1,1,77,13409.73
Google,Pixel 8,2024,12,512,6.35,3384,78,63,Android,1,104703,2025,52,5.2,Poor,72,0,1,0,0,Tier3,Store,13,0,1,49,11545.0
Apple,iPhone 14,2025,12,512,6.08,5837,92,65,iOS,0,93452,2025,53,11.0,Good,97,0,0,0,0,Tier3,Individual,0,0,0,42,20768.63
Samsung,Galaxy S23,2021,6,256,6.84,3205,57,92,Android,1,38774,2025,62,2.4,Fair,75,0,0,0,0,Tier3,Individual,23,1,1,52,8545.84
Apple,iPhone 14,2019,16,512,5.54,3924,53,95,iOS,1,58356,2023,51,11.1,Poor,78,0,1,0,0,Tier2,Individual,13,1,1,69,8843.35
Xiaomi,Mi 11,2023,16,64,6.58,4928,88,84,Android,0,132601,2025,25,7.1,Good,65,0,0,0,0,Tier2,Store,15,0,1,57,31440.24
Google,Pixel 7,2021,12,64,5.88,5905,94,57,Android,1,70253,2023,52,5.5,Good,97,1,0,0,0,Tier1,Store,14,1,1,65,17104.43
OnePlus,OnePlus 9,2020,4,512,6.58,3655,84,76,Android,0,32664,2024,51,1.2,Fair,78,0,0,0,0,Tier2,Store,15,1,1,61,9791.6
Apple,iPhone 14,2020,12,64,5.75,4044,75,75,iOS,0,80159,2023,57,8.3,Good,60,0,0,0,0,Tier3,Individual,7,0,1,74,19017.1
Realme,Realme Narzo 60,2019,8,256,6.68,5442,47,68,Android,1,47881,2019,50,9.6,Good,83,0,0,0,0,Tier1,Individual,19,0,1,48,6136.15
Apple,iPhone 15,2024,16,64,6.04,3625,41,62,iOS,1,69058,2025,32,5.0,Good,73,0,0,0,0,Tier1,Store,20,0,1,51,21821.42
Apple,iPhone 12,2019,8,1024,6.33,5794,48,76,iOS,0,114635,2023,10,2.1,Good,61,1,0,0,0,Tier1,Store,0,0,0,90,44761.84
Samsung,Galaxy S21,2025,12,256,6.76,5969,48,84,Android,1,56399,2025,11,10.9,Good,86,0,0,0,0,Tier1,Store,2,1,1,70,27118.25
Google,Pixel 7,2020,8,256,6.3,5108,57,70,Android,1,36152,2025,50,6.5,Good,62,0,0,1,1,Tier2,Store,1,0,0,87,6017.37
Google,Pixel 8,2024,16,512,6.75,4296,41,64,Android,1,122821,2024,56,3.0,Excellent,97,0,1,1,0,Tier1,Individual,6,1,1,49,20529.27
OnePlus,OnePlus 11,2021,16,512,6.89,6409,57,75,Android,0,14756,2021,13,10.2,Good,71,0,0,0,0,Tier3,Individual,13,0,0,97,5755.25
Xiaomi,Poco X5,2021,16,512,6.45,4194,87,45,Android,1,146487,2023,54,7.0,Poor,59,0,0,0,0,Tier2,Individual,15,0,0,44,13994.4
Xiaomi,Poco X5,2025,16,64,6.96,3301,87,94,Android,1,113346,2025,3,6.4,Good,75,0,0,1,0,Tier1,Individual,0,1,1,89,60209.01
OnePlus,OnePlus 9,2021,4,1024,6.0,5440,83,80,Android,1,64779,2022,41,5.3,Excellent,74,0,0,0,0,Tier3,Store,21,1,0,45,10578.67
Xiaomi,Poco X5,2019,8,64,5.72,5543,90,72,Android,1,31210,2020,56,2.4,Fair,74,0,1,0,0,Tier3,Store,6,1,1,68,5236.52
Xiaomi,Mi 11,2019,12,256,6.59,5489,88,65,Android,0,41076,2024,19,3.8,Good,74,0,0,0,0,Tier3,Individual,0,0,1,85,13648.84
Apple,iPhone 12,2019,12,256,6.43,5221,71,73,iOS,1,80489,2024,42,6.4,Good,69,0,0,0,0,Tier3,Individual,0,1,1,48,12995.92
Google,Pixel 8,2024,12,128,5.93,6408,75,88,Android,1,90020,2025,67,3.9,Fair,100,0,0,1,0,Tier2,Individual,23,1,1,74,19686.02
Apple,iPhone 13,2021,12,1024,5.63,5509,40,50,iOS,1,77482,2021,43,6.0,Excellent,66,0,0,0,0,Tier2,Store,4,1,1,41,16610.78
Xiaomi,Mi 11,2022,8,512,5.74,5273,56,94,Android,0,66608,2025,45,8.8,Fair,76,0,0,1,0,Tier3,Individual,0,1,1,65,11218.28
Google,Pixel 7,2021,4,128,5.74,3905,64,78,Android,1,28957,2024,15,2.8,Fair,82,0,0,0,0,Tier3,Store,11,1,0,91,15993.0
Realme,Realme Narzo 60,2021,16,512,6.87,3398,50,78,Android,0,127228,2022,24,5.6,Excellent,79,0,0,0,0,Tier1,Individual,4,0,1,42,28105.5
Vivo,Vivo V27,2025,4,1024,6.57,4093,84,53,Android,1,23457,2025,26,2.4,Good,81,0,0,0,0,Tier3,Store,4,0,1,52,8374.03
Xiaomi,Redmi Note 12,2019,12,128,6.44,6276,59,100,Android,1,129069,2025,54,3.7,Good,79,0,0,0,0,Tier3,Store,9,0,1,81,33091.13
Google,Pixel 7,2023,4,128,6.59,3303,70,53,Android,1,89828,2025,49,9.9,Good,99,0,0,0,0,Tier3,Individual,7,1,1,96,37871.81
Samsung,Galaxy S21,2024,16,1024,6.64,4547,97,98,Android,1,97463,2025,13,4.7,Excellent,97,0,0,0,0,Tier1,Store,12,0,1,55,46445.56
Xiaomi,Mi 11,2024,12,64,6.48,3577,68,50,Android,0,79486,2025,68,2.2,Fair,61,0,0,0,0,Tier2,Store,20,1,1,62,10115.11
OnePlus,OnePlus 11,2019,8,1024,5.82,5863,54,72,Android,1,92813,2022,52,2.7,Poor,71,0,0,1,0,Tier2,Store,0,1,1,74,11285.37
Realme,Realme GT,2024,4,128,5.8,5871,99,49,Android,1,46740,2024,40,7.3,Good,62,0,0,0,0,Tier3,Store,3,1,1,71,8738.46
Xiaomi,Redmi Note 12,2019,12,512,5.69,5773,65,98,Android,1,91967,2025,32,10.9,Poor,86,0,0,0,0,Tier2,Store,5,1,1,66,19056.29
Apple,iPhone 15,2020,6,1024,6.35,6138,52,63,iOS,1,136050,2021,48,3.3,Fair,93,0,0,0,0,Tier3,Individual,6,0,0,51,31524.59
OnePlus,Nord 3,2025,8,64,6.99,5827,69,82,Android,1,48623,2025,36,4.2,Fair,84,0,0,1,0,Tier3,Store,0,1,1,88,15044.78
Realme,Realme Narzo 60,2019,16,128,6.43,3518,99,92,Android,1,32848,2025,64,9.9,Good,96,1,0,0,0,Tier3,Store,21,1,1,99,9574.33
Realme,Realme GT,2024,6,128,5.52,3418,91,86,Android,1,140351,2025,32,11.7,Good,68,0,0,1,0,Tier3,Store,14,1,1,82,37754.64
OnePlus,OnePlus 9,2021,16,128,6.76,4453,81,85,Android,1,71059,2023,14,1.9,Fair,62,0,0,0,1,Tier3,Store,5,1,1,90,17971.39
OnePlus,Nord 3,2024,16,256,6.97,5226,68,72,Android,1,14182,2024,30,5.4,Good,89,0,0,0,0,Tier1,Individual,16,1,0,77,9627.62
Vivo,Vivo V27,2023,16,256,6.73,4839,48,88,Android,1,17055,2025,11,6.9,Good,57,0,1,0,0,Tier1,Individual,0,1,1,70,3411.78
OnePlus,Nord 3,2019,4,256,6.37,4047,100,62,Android,0,147508,2024,43,8.4,Excellent,78,0,0,0,0,Tier3,Individual,24,1,0,97,66439.25
Vivo,Vivo V27,2021,6,1024,6.37,4793,40,44,Android,0,99259,2024,44,6.3,Excellent,57,0,0,0,0,Tier3,Store,13,0,1,49,13844.11
Realme,Realme Narzo 60,2020,4,64,6.64,5555,41,82,Android,1,26088,2022,42,3.4,Fair,78,0,1,1,0,Tier1,Individual,0,0,0,74,2704.74
Xiaomi,Poco X5,2023,12,1024,6.44,6168,90,85,Android,1,138773,2024,6,11.2,Poor,100,1,0,0,0,Tier2,Individual,0,0,1,63,28909.51
Google,Pixel 6,2024,8,256,5.65,6071,68,52,Android,1,114073,2024,57,3.4,Fair,78,0,0,0,0,Tier1,Store,8,1,1,54,18862.29
Apple,iPhone 12,2024,8,128,5.62,3563,100,100,iOS,1,115367,2024,20,5.0,Excellent,80,0,0,0,0,Tier2,Store,0,1,1,75,66809.76
Apple,iPhone 14,2023,8,1024,5.6,5232,75,98,iOS,1,89385,2024,22,2.9,Fair,59,0,0,0,0,Tier2,Individual,6,1,1,85,32161.01
Samsung,Galaxy S22,2021,16,64,5.83,5373,85,62,Android,1,84356,2023,20,9.5,Good,60,1,0,0,0,Tier1,Individual,18,1,1,80,24945.67
Apple,iPhone 13,2021,4,128,5.9,4652,58,49,iOS,1,76869,2023,43,10.8,Fair,93,0,0,0,0,Tier3,Store,9,1,1,47,15093.06
Samsung,Galaxy S23,2025,6,1024,6.02,6335,87,75,Android,1,123764,2025,8,5.0,Good,91,0,0,1,0,Tier1,Store,17,1,1,92,88978.2
OnePlus,OnePlus 10,2019,12,512,5.81,6200,88,95,Android,1,54796,2019,57,10.4,Good,76,0,0,0,0,Tier3,Store,11,0,1,67,10124.24
OnePlus,OnePlus 10,2020,4,256,6.51,3933,66,59,Android,1,97615,2021,42,10.8,Fair,75,0,1,0,0,Tier1,Store,0,0,1,83,19850.99
Realme,Realme GT,2021,6,256,6.14,5539,86,45,Android,0,21928,2021,35,10.4,Fair,79,0,0,1,0,Tier3,Store,0,1,0,76,4737.21
Samsung,Galaxy S21,2020,16,512,5.56,3433,49,83,Android,1,93109,2021,61,6.4,Fair,88,0,0,0,0,Tier2,Store,0,1,1,80,23659.56
Realme,Realme Narzo 60,2021,16,256,6.82,4644,71,89,Android,1,54938,2022,51,11.7,Fair,66,0,0,0,0,Tier3,Store,15,1,0,62,5505.57
Samsung,Galaxy A54,2024,4,1024,6.54,3339,74,89,Android,1,89281,2025,27,6.9,Excellent,99,0,1,0,0,Tier2,Individual,14,0,1,100,59822.25
Samsung,Galaxy S23,2022,4,512,5.66,4948,65,71,Android,1,64121,2022,38,4.3,Fair,59,0,1,0,0,Tier2,Store,14,0,1,72,15558.41
Vivo,Vivo V27,2024,8,64,6.55,4926,44,58,Android,1,60506,2025,12,7.8,Fair,99,0,1,0,0,Tier1,Store,0,1,1,40,14704.05
Samsung,Galaxy S23,2019,6,128,5.56,6348,52,73,Android,1,92653,2023,70,5.7,Good,65,0,1,0,0,Tier3,Individual,0,0,1,89,14547.97
Samsung,Galaxy S22,2021,12,1024,5.56,4281,53,49,Android,1,110461,2022,47,7.3,Good,82,1,0,0,0,Tier3,Individual,24,1,1,82,31932.65
Realme,Realme Narzo 60,2020,12,256,5.68,3885,73,83,Android,1,74719,2025,46,6.3,Excellent,85,0,0,0,0,Tier2,Store,15,1,1,48,17839.97
Apple,iPhone 12,2020,12,256,6.3,5483,75,55,iOS,1,116575,2024,9,5.1,Good,95,0,0,0,0,Tier1,Store,2,1,1,48,50761.76
Samsung,Galaxy A54,2022,8,256,6.28,5911,91,69,Android,1,109774,2022,11,5.3,Good,100,0,0,0,0,Tier2,Individual,15,1,1,50,49549.31
OnePlus,OnePlus 9,2022,12,256,5.98,3518,95,43,Android,1,31281,2023,47,8.0,Good,99,0,0,0,0,Tier3,Individual,0,1,1,96,13845.7
Google,Pixel 7,2020,16,512,6.94,6231,46,94,Android,1,71567,2020,71,4.7,Good,67,0,0,1,0,Tier1,Individual,7,0,1,67,10708.94
Apple,iPhone 14,2020,8,256,6.28,6496,68,47,iOS,1,47886,2022,58,4.9,Excellent,77,0,0,0,0,Tier3,Individual,8,1,1,89,22081.82
Google,Pixel 7,2025,4,1024,6.41,5105,68,73,Android,1,58097,2025,42,7.3,Fair,84,0,1,1,0,Tier2,Individual,23,1,1,86,20636.26
OnePlus,Nord 3,2019,6,512,5.85,4002,75,77,Android,1,14755,2025,44,2.4,Excellent,92,0,0,0,0,Tier3,Store,0,0,0,53,4895.89
Samsung,Galaxy S21,2023,8,64,5.59,3026,90,45,Android,1,50627,2025,5,2.9,Poor,73,1,0,1,0,Tier1,Individual,8,0,1,66,8955.6
Google,Pixel 8,2024,16,256,6.66,5517,79,64,Android,0,127604,2025,47,7.3,Good,59,0,0,1,0,Tier2,Individual,2,1,1,82,25084.06
Realme,Realme Narzo 60,2025,16,64,6.9,6181,100,80,Android,1,38176,2025,40,8.5,Excellent,70,0,1,0,0,Tier3,Store,8,1,1,52,3721.56
Xiaomi,Mi 11,2022,16,64,6.71,3196,67,52,Android,0,53458,2022,65,10.2,Fair,61,0,0,0,0,Tier2,Store,6,1,1,62,6315.29
Apple,iPhone 15,2024,6,256,7.0,6244,75,45,iOS,1,16011,2024,16,1.5,Good,70,0,0,0,0,Tier3,Individual,0,1,0,59,2000.0
Realme,Realme GT,2025,12,128,6.32,4202,100,74,Android,1,27855,2025,41,8.1,Good,94,0,0,0,0,Tier2,Store,7,1,1,40,6672.6
OnePlus,OnePlus 9,2025,16,1024,6.87,3607,77,96,Android,0,87677,2025,22,3.9,Fair,55,0,0,0,0,Tier3,Store,13,1,0,67,16385.87
Vivo,Vivo V27,2025,12,512,6.7,6453,91,64,Android,1,85638,2025,56,4.8,Fair,63,0,0,0,0,Tier1,Individual,4,1,0,91,16071.57
Realme,Realme Narzo 60,2025,4,128,6.79,4062,49,50,Android,1,88581,2025,65,10.6,Good,58,0,0,0,0,Tier1,Store,19,1,1,81,15809.12
Google,Pixel 7,2021,12,512,6.96,3856,73,58,Android,1,59347,2023,20,7.0,Fair,57,0,0,0,0,Tier2,Store,11,1,0,59,14177.44
Vivo,Vivo X90,2025,4,64,6.79,5089,86,74,Android,1,11673,2025,8,11.1,Excellent,88,0,0,1,0,Tier3,Individual,21,1,1,58,5117.04
Xiaomi,Mi 11,2024,12,64,6.0,3798,73,54,Android,1,25519,2025,50,7.6,Good,67,0,0,0,0,Tier3,Individual,13,0,0,64,8576.24
Vivo,Vivo X90,2025,6,256,6.61,5700,84,51,Android,1,19175,2025,48,5.3,Good,72,0,0,0,0,Tier3,Store,0,1,1,87,2000.0
Realme,Realme GT,2019,16,512,5.91,6308,55,90,Android,1,50600,2021,59,3.8,Fair,69,1,0,0,0,Tier2,Individual,18,1,1,93,11188.46
Xiaomi,Poco X5,2020,4,64,6.03,3829,77,57,Android,0,124481,2023,50,9.4,Excellent,71,1,0,0,0,Tier3,Store,8,1,1,41,14544.28
Samsung,Galaxy S22,2022,16,256,6.19,5609,54,45,Android,1,42362,2023,6,10.3,Excellent,94,0,0,0,0,Tier1,Store,0,1,1,51,19562.99
Vivo,Vivo X90,2024,16,128,5.9,6236,68,85,Android,1,100893,2025,27,8.8,Fair,84,0,0,1,0,Tier2,Individual,18,1,1,43,17337.63
Realme,Realme GT,2022,8,128,6.5,5514,82,78,Android,1,124727,2024,45,12.0,Excellent,90,0,0,0,0,Tier1,Store,9,1,1,74,36400.68
Vivo,Vivo X90,2024,6,64,5.59,6082,58,81,Android,1,22116,2025,50,4.8,Excellent,79,0,1,0,0,Tier3,Store,0,0,1,57,3062.62
Vivo,Vivo V27,2023,8,512,6.55,5065,51,67,Android,1,15271,2023,62,6.8,Good,77,0,0,0,0,Tier2,Store,0,1,1,94,3766.6
Realme,Realme GT,2020,4,512,5.81,5024,62,89,Android,1,58434,2021,61,8.9,Excellent,55,0,0,0,0,Tier3,Store,11,1,1,54,6841.15
Xiaomi,Poco X5,2024,6,1024,6.54,5781,53,57,Android,1,89900,2024,38,5.4,Good,91,0,0,0,0,Tier2,Store,9,1,1,48,20826.29
Google,Pixel 7,2019,16,128,6.72,6011,98,54,Android,0,68611,2024,6,1.0,Good,83,0,0,0,0,Tier3,Store,18,0,1,97,53186.91
Samsung,Galaxy A54,2023,12,1024,6.79,5304,56,94,Android,1,116557,2025,2,6.9,Good,63,0,0,1,0,Tier3,Individual,23,1,0,42,31953.08
Samsung,Galaxy S21,2022,16,64,6.6,5595,58,89,Android,0,57013,2022,68,11.4,Excellent,76,0,0,0,0,Tier2,Store,0,0,1,95,15047.32
Vivo,Vivo V27,2023,6,256,5.69,3042,57,85,Android,1,104223,2023,67,5.7,Fair,70,0,1,0,0,Tier2,Store,0,1,0,90,9368.22
Google,Pixel 6,2020,6,1024,6.22,4083,100,68,Android,0,75457,2025,60,10.2,Excellent,90,0,0,0,0,Tier2,Individual,21,1,1,44,13405.29
Samsung,Galaxy A54,2024,4,64,6.11,5768,73,73,Android,1,80491,2025,8,7.7,Good,88,0,0,0,0,Tier3,Store,12,1,1,58,38535.24
Vivo,Vivo X90,2022,8,64,6.39,4395,66,46,Android,1,22641,2023,66,10.5,Excellent,97,0,0,0,0,Tier2,Store,17,1,1,72,5559.89
OnePlus,OnePlus 10,2024,12,512,5.93,4931,75,85,Android,1,77755,2024,17,3.6,Good,55,0,0,0,0,Tier1,Store,5,1,1,81,21638.37
Google,Pixel 7,2022,12,256,5.84,3564,83,82,Android,0,88405,2024,69,5.4,Fair,69,1,0,0,1,Tier1,Store,19,1,1,41,6295.35
Samsung,Galaxy S21,2022,4,1024,6.66,4233,68,88,Android,1,88933,2025,3,8.1,Fair,82,0,0,0,0,Tier2,Store,17,1,1,75,48092.14
Xiaomi,Mi 11,2024,6,128,6.06,6194,56,74,Android,0,68755,2024,57,2.8,Good,92,0,0,0,0,Tier3,Store,1,1,1,95,16255.27
Google,Pixel 8,2019,8,256,5.58,5456,80,77,Android,1,96899,2021,21,3.4,Fair,58,0,0,1,0,Tier1,Individual,1,0,0,89,31408.86
OnePlus,OnePlus 9,2023,12,256,5.55,3252,67,90,Android,1,32498,2023,39,1.1,Fair,83,0,0,0,0,Tier3,Individual,23,0,0,47,5595.84
Samsung,Galaxy S21,2020,4,512,6.43,5788,71,44,Android,1,94189,2021,30,4.7,Excellent,89,0,0,1,0,Tier3,Store,0,1,1,55,31268.94
Samsung,Galaxy S21,2024,4,64,6.66,6071,88,66,Android,1,113729,2024,5,7.8,Good,74,0,0,0,1,Tier3,Store,5,1,1,59,28667.63
Realme,Realme GT,2019,4,1024,6.45,5607,100,75,Android,1,69170,2020,53,11.7,Good,100,0,0,0,0,Tier1,Individual,10,1,1,42,13914.74
OnePlus,OnePlus 9,2019,16,64,5.58,4222,65,74,Android,1,83071,2024,47,5.3,Excellent,89,0,0,0,0,Tier2,Individual,22,0,1,70,25393.74
Vivo,Vivo X90,2021,4,128,6.03,5299,99,50,Android,0,106402,2022,53,4.9,Good,95,1,0,1,0,Tier3,Store,0,0,1,46,10235.37
Realme,Realme Narzo 60,2024,16,512,5.91,4726,50,72,Android,1,34574,2024,59,10.8,Fair,88,1,0,0,0,Tier2,Store,0,1,0,50,2230.53
Samsung,Galaxy S22,2021,6,512,6.87,3306,85,93,Android,1,68996,2025,10,1.9,Good,81,0,1,0,0,Tier2,Individual,20,1,1,94,40026.7
Apple,iPhone 14,2021,12,256,5.62,5805,52,55,iOS,1,143605,2024,33,11.5,Good,92,0,0,0,0,Tier1,Store,16,0,0,77,66120.73
Samsung,Galaxy S22,2024,8,512,5.56,5584,87,99,Android,1,53385,2024,44,9.7,Excellent,78,0,0,0,0,Tier1,Individual,0,1,1,82,19951.77
Samsung,Galaxy S21,2021,4,128,6.35,3795,99,83,Android,1,56398,2022,18,10.9,Excellent,98,0,0,1,0,Tier1,Store,0,1,1,54,22922.7
Xiaomi,Poco X5,2023,16,1024,6.68,4956,70,58,Android,1,23297,2025,8,2.1,Good,67,0,1,0,0,Tier3,Individual,4,1,1,95,11738.62
Apple,iPhone 11,2023,8,512,5.98,5832,94,48,iOS,1,119926,2024,21,3.9,Fair,72,0,0,1,0,Tier2,Individual,13,1,1,83,47220.94
Xiaomi,Mi 11,2019,4,256,6.09,4753,93,98,Android,1,103872,2020,55,1.5,Fair,77,0,0,0,0,Tier1,Individual,2,1,1,89,21162.42
OnePlus,Nord 3,2025,8,256,6.46,5892,54,76,Android,1,66294,2025,33,11.9,Good,65,0,0,0,0,Tier1,Store,21,0,1,85,22427.46
Vivo,Vivo X90,2019,6,1024,6.01,4248,50,70,Android,1,139702,2025,56,11.2,Good,76,0,0,0,0,Tier3,Individual,0,1,1,99,38055.11
Samsung,Galaxy S22,2025,6,128,6.81,3757,91,82,Android,0,135847,2025,38,3.1,Fair,86,0,0,0,0,Tier3,Individual,23,1,1,60,32082.52
Samsung,Galaxy S22,2023,12,512,6.04,3357,52,67,Android,0,117468,2025,40,9.9,Good,78,0,1,0,0,Tier1,Store,8,1,1,74,32842.3
Samsung,Galaxy A54,2022,16,512,5.54,3079,41,98,Android,1,65138,2024,35,4.2,Good,84,0,1,1,0,Tier3,Individual,3,1,1,63,15981.09
Apple,iPhone 14,2019,8,512,6.33,5110,42,50,iOS,0,128904,2022,57,11.4,Fair,74,0,0,1,0,Tier2,Store,6,1,1,81,27956.21
Samsung,Galaxy S22,2025,12,64,5.75,5304,82,64,Android,0,110353,2025,34,7.0,Good,62,0,0,1,0,Tier3,Individual,0,1,1,72,27383.11
OnePlus,OnePlus 9,2022,4,64,6.83,4379,52,99,Android,1,94554,2022,59,9.7,Fair,64,0,0,0,0,Tier2,Individual,0,1,1,78,13344.28
Xiaomi,Poco X5,2022,16,256,6.21,3295,46,59,Android,1,144792,2023,30,8.6,Excellent,98,0,0,1,0,Tier2,Individual,19,1,1,57,45485.29
Samsung,Galaxy S21,2023,8,1024,5.96,4613,72,40,Android,1,115926,2025,13,2.0,Good,94,0,0,1,0,Tier3,Individual,0,1,1,88,73799.56
Realme,Realme GT,2023,8,512,6.4,5762,84,100,Android,1,92700,2024,42,4.8,Excellent,62,0,1,0,0,Tier3,Individual,0,0,1,93,22984.86
Vivo,Vivo X90,2024,8,256,5.83,3174,88,72,Android,1,56782,2025,36,2.1,Excellent,84,0,0,0,0,Tier2,Individual,9,1,1,95,28580.9
Apple,iPhone 13,2019,16,64,5.56,6264,93,45,iOS,1,58564,2023,24,8.6,Good,64,0,0,0,0,Tier3,Store,3,0,0,61,17239.93
Realme,Realme GT,2023,12,256,6.28,6037,54,95,Android,0,66314,2025,50,7.4,Good,62,0,0,0,0,Tier2,Individual,11,1,1,54,11109.36
OnePlus,Nord 3,2024,4,128,5.5,4209,79,86,Android,1,129301,2024,71,1.3,Fair,69,1,0,1,0,Tier3,Individual,0,1,1,82,14638.68
Realme,Realme Narzo 60,2024,16,512,5.64,4640,75,71,Android,0,28737,2025,13,7.9,Fair,60,0,0,0,0,Tier2,Individual,5,1,1,70,7654.79
Apple,iPhone 15,2019,12,512,5.87,4625,66,80,iOS,1,106589,2021,28,7.3,Poor,87,0,0,0,0,Tier3,Store,0,1,1,79,31449.9
Samsung,Galaxy S23,2023,4,1024,6.11,4286,95,99,Android,1,11302,2024,9,9.1,Good,81,0,0,1,0,Tier1,Store,15,1,1,63,7589.21
Xiaomi,Mi 11,2021,16,1024,6.57,6321,53,63,Android,1,15105,2022,67,1.9,Good,96,1,0,0,0,Tier3,Store,0,1,1,44,2000.0
OnePlus,OnePlus 10,2020,6,64,6.7,4835,81,84,Android,0,38698,2023,8,11.5,Good,72,0,0,0,0,Tier2,Store,0,0,1,97,20143.36
Vivo,Vivo V27,2019,8,128,6.46,6410,93,77,Android,0,66208,2019,40,10.6,Fair,98,0,0,0,0,Tier1,Store,22,1,1,59,17991.47
OnePlus,Nord 3,2025,12,1024,6.07,3901,82,82,Android,1,62702,2025,20,6.2,Good,63,0,0,0,0,Tier2,Individual,14,0,1,78,21849.26
Realme,Realme GT,2020,16,256,6.92,3221,69,86,Android,1,137554,2020,71,1.2,Poor,74,0,0,0,0,Tier3,Individual,1,0,1,45,10014.31
OnePlus,OnePlus 11,2024,4,64,5.82,6165,68,70,Android,1,130048,2025,66,10.6,Good,55,0,1,1,0,Tier3,Individual,0,0,1,86,17706.67
Vivo,Vivo X90,2022,6,512,6.72,4557,43,50,Android,1,128787,2025,46,8.9,Excellent,74,0,0,0,0,Tier1,Store,4,0,1,95,42736.36
Google,Pixel 6,2022,16,64,5.62,5462,60,88,Android,1,58578,2024,28,6.8,Fair,71,0,0,0,0,Tier1,Store,9,1,0,64,12876.7
Samsung,Galaxy A54,2025,6,512,5.75,3980,91,96,Android,1,111419,2025,6,7.1,Good,61,0,0,0,0,Tier1,Store,0,1,1,61,36474.78
Apple,iPhone 11,2025,8,1024,5.66,3699,48,47,iOS,1,106186,2025,57,1.3,Excellent,60,0,1,0,0,Tier2,Individual,18,1,1,84,25832.9
Vivo,Vivo X90,2021,6,64,5.92,4678,42,72,Android,1,22652,2021,26,1.5,Good,70,0,1,0,0,Tier1,Store,8,1,1,74,5589.64
Realme,Realme Narzo 60,2024,12,256,6.44,3876,94,54,Android,1,57768,2025,32,6.5,Fair,83,1,0,1,0,Tier1,Store,12,0,1,67,8521.25
Apple,iPhone 11,2021,6,512,5.74,5111,53,99,iOS,1,144669,2025,2,10.3,Good,88,0,0,0,0,Tier1,Individual,0,1,1,74,105340.97
Apple,iPhone 13,2020,12,512,5.58,3781,88,47,iOS,1,47106,2024,60,7.0,Fair,75,0,0,0,0,Tier2,Store,9,1,1,51,3493.69
OnePlus,OnePlus 10,2022,6,256,5.73,3719,79,51,Android,0,140429,2024,21,7.7,Good,71,0,0,0,0,Tier3,Individual,1,0,1,63,42897.39
